{
  "entropy_acc_mean": 0.5166666666666667,
  "entropy_auroc_mean": 0.5179012345679013
}