{
  "entropy_acc_mean": 0.6444444444444444,
  "entropy_auroc_mean": 0.730246913580247
}