{
  "length_acc_mean": 0.5333333333333334,
  "length_auroc_mean": 0.357716049382716
}