{
  "lexical_acc_mean": 0.8777777777777779,
  "lexical_auroc_mean": 0.9611111111111112
}